{
    "accel_bias": [
        -0.9697851562709994,
        0.1438427734580002,
        0.21098632814800028
    ],
    "gyro_bias": [
        -2.2790527343989977,
        3.09509277346,
        -0.6677246093980003
    ],
    "R_gravity_quat": [
        0.1035892514020096,
        0.6167361862474116,
        0.0,
        0.7803241272490358
    ],
    "gravity_mag": 1.0071950980200033
}