{
    "accel_bias": [
        -0.978330078150999,
        -0.021000976566,
        0.19965820315000024
    ],
    "gyro_bias": [
        -18.588867187523007,
        3.4252929687400018,
        1.6601562500099991
    ],
    "R_gravity_quat": [
        0.02225713635086591,
        0.6505371652905675,
        0.0,
        0.7591482177132288
    ],
    "gravity_mag": 0.9820046284398481
}